


{
 "resultCount":3,
 "results": [
{"wrapperType":"track", "kind":"song", "artistId":372976, "collectionId":1422648512, "trackId":1422648513, "artistName":"ABBA", "collectionName":"Gold: Greatest Hits", "trackName":"Dancing Queen", "collectionCensoredName":"Gold: Greatest Hits", "trackCensoredName":"Dancing Queen", "artistViewUrl":"https://itunes.apple.com/us/artist/abba/372976?uo=4", "collectionViewUrl":"https://itunes.apple.com/us/album/dancing-queen/1422648512?i=1422648513&uo=4", "trackViewUrl":"https://itunes.apple.com/us/album/dancing-queen/1422648512?i=1422648513&uo=4", 
"previewUrl":"https://audio-ssl.itunes.apple.com/apple-assets-us-std-000001/AudioPreview118/v4/9a/ab/9f/9aab9f41-0821-de62-78cf-43e0c08add62/mzaf_6566316355195832.plus.aac.p.m4a", "artworkUrl30":"https://is1-ssl.mzstatic.com/image/thumb/Music128/v4/88/92/4c/88924c01-6fb3-8616-f0b3-881b1ed09e03/source/30x30bb.jpg", "artworkUrl60":"https://is1-ssl.mzstatic.com/image/thumb/Music128/v4/88/92/4c/88924c01-6fb3-8616-f0b3-881b1ed09e03/source/60x60bb.jpg", "artworkUrl100":"https://is1-ssl.mzstatic.com/image/thumb/Music128/v4/88/92/4c/88924c01-6fb3-8616-f0b3-881b1ed09e03/source/100x100bb.jpg", "collectionPrice":7.99, "trackPrice":1.29, "releaseDate":"1976-08-15T07:00:00Z", "collectionExplicitness":"notExplicit", "trackExplicitness":"notExplicit", "discCount":1, "discNumber":1, "trackCount":19, "trackNumber":1, "trackTimeMillis":231844, "country":"USA", "currency":"USD", "primaryGenreName":"Pop", "isStreamable":true}, 
{"wrapperType":"track", "kind":"song", "artistId":372976, "collectionId":1422648512, "trackId":1422648821, "artistName":"ABBA", "collectionName":"Gold: Greatest Hits", "trackName":"Mamma Mia", "collectionCensoredName":"Gold: Greatest Hits", "trackCensoredName":"Mamma Mia", "artistViewUrl":"https://itunes.apple.com/us/artist/abba/372976?uo=4", "collectionViewUrl":"https://itunes.apple.com/us/album/mamma-mia/1422648512?i=1422648821&uo=4", "trackViewUrl":"https://itunes.apple.com/us/album/mamma-mia/1422648512?i=1422648821&uo=4", 
"previewUrl":"https://audio-ssl.itunes.apple.com/apple-assets-us-std-000001/AudioPreview128/v4/78/df/a9/78dfa901-6177-ca57-6f4b-016737ecd8f9/mzaf_7404502379144753984.plus.aac.p.m4a", "artworkUrl30":"https://is1-ssl.mzstatic.com/image/thumb/Music128/v4/88/92/4c/88924c01-6fb3-8616-f0b3-881b1ed09e03/source/30x30bb.jpg", "artworkUrl60":"https://is1-ssl.mzstatic.com/image/thumb/Music128/v4/88/92/4c/88924c01-6fb3-8616-f0b3-881b1ed09e03/source/60x60bb.jpg", "artworkUrl100":"https://is1-ssl.mzstatic.com/image/thumb/Music128/v4/88/92/4c/88924c01-6fb3-8616-f0b3-881b1ed09e03/source/100x100bb.jpg", "collectionPrice":7.99, "trackPrice":1.29, "releaseDate":"1975-04-21T07:00:00Z", "collectionExplicitness":"notExplicit", "trackExplicitness":"notExplicit", "discCount":1, "discNumber":1, "trackCount":19, "trackNumber":4, "trackTimeMillis":212304, "country":"USA", "currency":"USD", "primaryGenreName":"Pop", "isStreamable":true}, 
{"wrapperType":"track", "kind":"song", "artistId":372976, "collectionId":1422648512, "trackId":1422649021, "artistName":"ABBA", "collectionName":"Gold: Greatest Hits", "trackName":"Waterloo", "collectionCensoredName":"Gold: Greatest Hits", "trackCensoredName":"Waterloo", "artistViewUrl":"https://itunes.apple.com/us/artist/abba/372976?uo=4", "collectionViewUrl":"https://itunes.apple.com/us/album/waterloo/1422648512?i=1422649021&uo=4", "trackViewUrl":"https://itunes.apple.com/us/album/waterloo/1422648512?i=1422649021&uo=4", 
"previewUrl":"https://audio-ssl.itunes.apple.com/apple-assets-us-std-000001/AudioPreview118/v4/13/63/04/13630442-0b29-8b45-d50c-14960297d7ae/mzaf_9017318982421117384.plus.aac.p.m4a", "artworkUrl30":"https://is1-ssl.mzstatic.com/image/thumb/Music128/v4/88/92/4c/88924c01-6fb3-8616-f0b3-881b1ed09e03/source/30x30bb.jpg", "artworkUrl60":"https://is1-ssl.mzstatic.com/image/thumb/Music128/v4/88/92/4c/88924c01-6fb3-8616-f0b3-881b1ed09e03/source/60x60bb.jpg", "artworkUrl100":"https://is1-ssl.mzstatic.com/image/thumb/Music128/v4/88/92/4c/88924c01-6fb3-8616-f0b3-881b1ed09e03/source/100x100bb.jpg", "collectionPrice":7.99, "trackPrice":1.29, "releaseDate":"1974-03-04T07:00:00Z", "collectionExplicitness":"notExplicit", "trackExplicitness":"notExplicit", "discCount":1, "discNumber":1, "trackCount":19, "trackNumber":19, "trackTimeMillis":164432, "country":"USA", "currency":"USD", "primaryGenreName":"Pop", "isStreamable":true}]
}


