{
  "images" : [
    {
      "resizing" : {
        "mode" : "9-part",
        "center" : {
          "mode" : "tile",
          "width" : 1,
          "height" : 1
        },
        "cap-insets" : {
          "bottom" : 21,
          "top" : 19,
          "right" : 13,
          "left" : 15
        }
      },
      "idiom" : "universal",
      "filename" : "button@1x.png",
      "scale" : "1x"
    },
    {
      "resizing" : {
        "mode" : "9-part",
        "center" : {
          "mode" : "tile",
          "width" : 1,
          "height" : 1
        },
        "cap-insets" : {
          "bottom" : 41,
          "top" : 38,
          "right" : 120,
          "left" : 34
        }
      },
      "idiom" : "universal",
      "filename" : "button@2x.png",
      "scale" : "2x"
    },
    {
      "resizing" : {
        "mode" : "9-part",
        "center" : {
          "mode" : "tile",
          "width" : 1,
          "height" : 1
        },
        "cap-insets" : {
          "bottom" : 63,
          "top" : 56,
          "right" : 83,
          "left" : 69
        }
      },
      "idiom" : "universal",
      "filename" : "button@3x.png",
      "scale" : "3x"
    }
  ],
  "info" : {
    "version" : 1,
    "author" : "xcode"
  }
}